{"cameraMode":{"drawMode":0,"name":"Shaded","section":"Shading Mode"},"sceneLighting":false,"audioPlay":false,"sceneViewState":{"showFog":true,"showMaterialUpdate":true,"showSkybox":true,"showFlares":true,"showImageEffects":true,"showParticleSystems":true},"in2DMode":false,"pivot":{"x":-3.6958155632019045,"y":1.1111998558044434,"z":8.550860404968262},"rotation":{"x":0.016053592786192895,"y":-0.23237581551074983,"z":0.0038339465390890838,"w":0.9724860191345215},"size":12.763385772705079,"orthographic":false}