{"cameraMode":{"drawMode":0,"name":"Shaded","section":"Shading Mode"},"sceneLighting":false,"audioPlay":false,"sceneViewState":{"showFog":true,"showMaterialUpdate":false,"showSkybox":true,"showFlares":true,"showImageEffects":true,"showParticleSystems":true},"in2DMode":false,"pivot":{"x":0.4300000071525574,"y":1.690000057220459,"z":4.4989705085754398},"rotation":{"x":-0.019951844587922097,"y":-0.3117449879646301,"z":0.006547735072672367,"w":-0.9499337673187256},"size":7.1409592628479,"orthographic":false}