{"cameraMode":{"drawMode":0,"name":"Shaded","section":"Shading Mode"},"sceneLighting":false,"audioPlay":false,"sceneViewState":{"showFog":true,"showMaterialUpdate":false,"showSkybox":true,"showFlares":true,"showImageEffects":true,"showParticleSystems":true},"in2DMode":false,"pivot":{"x":-1.4646865129470826,"y":2.044163942337036,"z":-2.517247200012207},"rotation":{"x":-0.10719859600067139,"y":-0.193193718791008,"z":0.021239779889583589,"w":-0.9750556945800781},"size":11.292825698852539,"orthographic":false}