{"cameraMode":{"drawMode":0,"name":"Shaded","section":"Shading Mode"},"sceneLighting":false,"audioPlay":false,"sceneViewState":{"showFog":true,"showMaterialUpdate":true,"showSkybox":true,"showFlares":true,"showImageEffects":true,"showParticleSystems":true},"in2DMode":false,"pivot":{"x":1.8297933340072632,"y":3.08945369720459,"z":4.625826835632324},"rotation":{"x":-0.008198603056371212,"y":-0.9395758509635925,"z":-0.022558040916919709,"w":0.34149840474128725},"size":4.845828533172607,"orthographic":false}