{"cameraMode":{"drawMode":0,"name":"Shaded","section":"Shading Mode"},"sceneLighting":false,"audioPlay":false,"sceneViewState":{"showFog":true,"showMaterialUpdate":false,"showSkybox":true,"showFlares":true,"showImageEffects":true,"showParticleSystems":true},"in2DMode":false,"pivot":{"x":-0.29737669229507449,"y":1.8873745203018189,"z":4.917521953582764},"rotation":{"x":0.06593313813209534,"y":0.023945512250065805,"z":-0.0015827019233256579,"w":0.9975354671478272},"size":12.721884727478028,"orthographic":false}