{"cameraMode":{"drawMode":0,"name":"Shaded","section":"Shading Mode"},"sceneLighting":false,"audioPlay":false,"sceneViewState":{"showFog":true,"showMaterialUpdate":false,"showSkybox":true,"showFlares":true,"showImageEffects":true,"showParticleSystems":true},"in2DMode":false,"pivot":{"x":0.019291162490844728,"y":1.316209316253662,"z":0.0018796920776367188},"rotation":{"x":-0.010495529510080815,"y":0.028494615107774736,"z":0.00029920556698925793,"w":0.9995388388633728},"size":6.721880912780762,"orthographic":false}