{"cameraMode":{"drawMode":0,"name":"Shaded","section":"Shading Mode"},"sceneLighting":false,"audioPlay":false,"sceneViewState":{"showFog":true,"showMaterialUpdate":true,"showSkybox":true,"showFlares":true,"showImageEffects":true,"showParticleSystems":true},"in2DMode":false,"pivot":{"x":-3.7764110565185549,"y":5.007817268371582,"z":7.379518985748291},"rotation":{"x":0.28816652297973635,"y":-0.034201692789793017,"z":-0.010298962704837323,"w":-0.956913948059082},"size":11.881306648254395,"orthographic":false}