{"cameraMode":{"drawMode":0,"name":"Shaded","section":"Shading Mode"},"sceneLighting":false,"audioPlay":false,"sceneViewState":{"showFog":true,"showMaterialUpdate":false,"showSkybox":true,"showFlares":true,"showImageEffects":true,"showParticleSystems":true},"in2DMode":false,"pivot":{"x":-3.401409864425659,"y":3.9221572875976564,"z":2.7944681644439699},"rotation":{"x":-0.06164342164993286,"y":0.4468194544315338,"z":-0.030879560858011247,"w":-0.891963541507721},"size":5.857884883880615,"orthographic":false}